{
  "name": "flot.tooltip",
  "version": "0.8.5",
  "license": "MIT",
  "main": "js/jquery.flot.tooltip.js",
  "ignore": [
    ".gitignore",
    "Gruntfile.js",
    "README.md",
    "package.json",
    "examples",
    "js/old"
  ],
  "homepage": "https://github.com/krzysu/flot.tooltip",
  "_release": "0.8.5",
  "_resolution": {
    "type": "version",
    "tag": "0.8.5",
    "commit": "e2dbb407ffcf5ece0f2e6ab922b0192b8a6d168e"
  },
  "_source": "git://github.com/krzysu/flot.tooltip.git",
  "_target": "~0.8.4",
  "_originalSource": "flot.tooltip"
}